concurrency_level,avg_response_time
1,0.2350167401220268
2,0.24861470480169068
3,0.29507783672789184
4,0.2830041110431562
5,0.2656498813031308
