avg_search_time,avg_analysis_time,avg_total_time,max_total_time
0.12826390666727502,1.725929075787906,1.8541929824551808,2.065439908050902
